{
  "meta": {
    "version": "1.0.0",
    "exportedAt": "2025-12-28T09:02:03.684404",
    "author": "FineSTEM User"
  },
  "config": {
    "gravity": 1.0,
    "frictionAir": 0.005,
    "length1": 150.0,
    "length2": 100.0,
    "mass1": 20.0,
    "mass2": 15.0,
    "initialAngle1": 1.5707963267948966,
    "initialAngle2": 1.5707963267948966,
    "trailLength": 200,
    "colorMode": "neon"
  }
}